{
  "metrics": {
    "acc1": 0.7998811881188119,
    "acc5": 0.9622178217821782,
    "num_samples": 25250,
    "num_classes": 101
  },
  "dataset": "food101",
  "model": "baseline"
}