{
  "metrics": {
    "acc1": 0.1398139813981398,
    "acc5": 0.38973897389738976,
    "num_samples": 3333,
    "num_classes": 100
  },
  "dataset": "fgvc_aircraft",
  "model": "freeze"
}