{
  "metrics": {
    "acc1": 0.3723404255319149,
    "acc5": 0.6824468085106383,
    "num_samples": 1880,
    "num_classes": 47
  },
  "dataset": "dtd",
  "model": "full_ft"
}