{
  "metrics": {
    "acc1": 0.7925940594059406,
    "acc5": 0.9585742574257425,
    "num_samples": 25250,
    "num_classes": 101
  },
  "dataset": "food101",
  "model": "wise_ft"
}